来源网站,概念/题材,主层级,页面可见行数,页面数,来源页面,低纯度提示
东方财富,机器人执行器,终端与具身智能,35,2,https://quote.eastmoney.com/center/boardlist.html#boards2-90.BK1145,否
东方财富,减速器,终端与具身智能,86,5,https://quote.eastmoney.com/center/boardlist.html#boards2-90.BK1100,否
东方财富,人形机器人,终端与具身智能,251,13,https://quote.eastmoney.com/center/boardlist.html#boards2-90.BK1184,否
东方财富,PEEK材料概念,晶圆制造与材料,45,3,https://quote.eastmoney.com/center/boardlist.html#boards2-90.BK1156,否
东方财富,机器人概念,终端与具身智能,723,37,https://quote.eastmoney.com/center/boardlist.html#boards2-90.BK1090,是
东方财富,AIPC,终端与具身智能,47,3,https://quote.eastmoney.com/center/boardlist.html#boards2-90.BK1164,否
东方财富,AI制药（医疗）,应用平台,61,4,https://quote.eastmoney.com/center/boardlist.html#boards2-90.BK1170,否
东方财富,人工智能,待二次归类,706,36,https://quote.eastmoney.com/center/boardlist.html#boards2-90.BK0800,是
东方财富,边缘计算,工具链与基础软件,125,7,https://quote.eastmoney.com/center/boardlist.html#boards2-90.BK0860,否
东方财富,AI手机,终端与具身智能,35,2,https://quote.eastmoney.com/center/boardlist.html#boards2-90.BK1162,否
东方财富,数据中心,数据中心与基础设施,20,1,https://quote.eastmoney.com/center/boardlist.html#boards2-90.BK0922,否
东方财富,华为昇腾,计算芯片,20,1,https://quote.eastmoney.com/center/boardlist.html#boards2-90.BK0995,否
东方财富,英伟达概念,计算芯片,20,1,https://quote.eastmoney.com/center/boardlist.html#boards2-90.BK1161,是
东方财富,液冷概念,供配电与温控,20,1,https://quote.eastmoney.com/center/boardlist.html#boards2-90.BK1138,否
东方财富,铜缆高速连接,高速互联,20,1,https://quote.eastmoney.com/center/boardlist.html#boards2-90.BK1168,否
东方财富,AI芯片,计算芯片,20,1,https://quote.eastmoney.com/center/boardlist.html#boards2-90.BK1127,否
东方财富,算力概念,云与算力运营,20,1,https://quote.eastmoney.com/center/boardlist.html#boards2-90.BK1134,是
东方财富,PCB,高速互联,20,1,https://quote.eastmoney.com/center/boardlist.html#boards2-90.BK0877,否
东方财富,光通信模块,高速互联,20,1,https://quote.eastmoney.com/center/boardlist.html#boards2-90.BK1136,否
东方财富,CPO概念,高速互联,20,1,https://quote.eastmoney.com/center/boardlist.html#boards2-90.BK1128,否
东方财富,存储芯片,存储链,20,1,https://quote.eastmoney.com/center/boardlist.html#boards2-90.BK1137,否
东方财富,先进封装,先进封装,20,1,https://quote.eastmoney.com/center/boardlist.html#boards2-90.BK1101,否
东方财富,AI智能体,应用平台,20,1,https://quote.eastmoney.com/center/boardlist.html#boards2-90.BK0809,否
东方财富,网络安全,安全合规治理,20,1,https://quote.eastmoney.com/center/boardlist.html#boards2-90.BK0655,否
东方财富,数据安全,安全合规治理,20,1,https://quote.eastmoney.com/center/boardlist.html#boards2-90.BK1047,否
东方财富,AI应用,应用平台,20,1,https://quote.eastmoney.com/center/boardlist.html#boards2-90.BK1629,否
东方财富,云计算,云与算力运营,20,1,https://quote.eastmoney.com/center/boardlist.html#boards2-90.BK0579,否
东方财富,多模态AI,应用平台,20,1,https://quote.eastmoney.com/center/boardlist.html#boards2-90.BK1153,否
东方财富,ChatGPT概念,应用平台,20,1,https://quote.eastmoney.com/center/boardlist.html#boards2-90.BK1126,否
东方财富,AIGC概念,应用平台,20,1,https://quote.eastmoney.com/center/boardlist.html#boards2-90.BK1111,否
东方财富,国产芯片,计算芯片,20,1,https://quote.eastmoney.com/center/boardlist.html#boards2-90.BK0891,是
东方财富,智谱AI概念,应用平台,20,1,https://quote.eastmoney.com/center/boardlist.html#boards2-90.BK1182,否
东方财富,虚拟机器人,终端与具身智能,16,1,https://quote.eastmoney.com/center/boardlist.html#boards2-90.BK1190,否
东方财富,AI语料,数据层,20,1,https://quote.eastmoney.com/center/boardlist.html#boards2-90.BK1172,否
东方财富,半导体概念,晶圆制造与材料,20,1,https://quote.eastmoney.com/center/boardlist.html#boards2-90.BK0917,是
东方财富,第三代半导体,晶圆制造与材料,20,1,https://quote.eastmoney.com/center/boardlist.html#boards2-90.BK0952,否
东方财富,第四代半导体,晶圆制造与材料,4,1,https://quote.eastmoney.com/center/boardlist.html#boards2-90.BK1121,否
同花顺,AI语料,数据层,50,5,https://q.10jqka.com.cn/gn/detail/code/309126/,否
同花顺,传感器,终端与具身智能,50,5,https://q.10jqka.com.cn/gn/detail/code/301016/,否
同花顺,东数西算(算力),数据中心与基础设施,50,5,https://q.10jqka.com.cn/gn/detail/code/308828/,否
同花顺,光刻机,晶圆制造与材料,49,5,https://q.10jqka.com.cn/gn/detail/code/309085/,否
同花顺,光刻胶,晶圆制造与材料,50,5,https://q.10jqka.com.cn/gn/detail/code/308582/,否
同花顺,机器视觉,终端与具身智能,50,5,https://q.10jqka.com.cn/gn/detail/code/301258/,否
同花顺,数据中心(AIDC),数据中心与基础设施,50,5,https://q.10jqka.com.cn/gn/detail/code/308642/,否
同花顺,算力租赁,云与算力运营,50,5,https://q.10jqka.com.cn/gn/detail/code/309068/,否
同花顺,液冷服务器,供配电与温控,50,5,https://q.10jqka.com.cn/gn/detail/code/309061/,否
同花顺,AI应用,应用平台,50,5,https://q.10jqka.com.cn/gn/detail/code/309264/,否
同花顺,中国AI 50,待二次归类,50,5,https://q.10jqka.com.cn/gn/detail/code/309187/,是
同花顺,AI智能体,应用平台,50,5,https://q.10jqka.com.cn/gn/detail/code/309183/,否
