schema_version,l4_id,l1,l2,l3,l4,canonical_topic,research_coordinate,wiki_path
1,AI-L4-0001,上游底层算力与芯片层,计算芯片主链,GPU,AI产业链 - GPU,AI产业链 - GPU,上游底层算力与芯片层 -> 计算芯片主链 -> GPU,topics/AI产业链 - GPU.md
1,AI-L4-0002,上游底层算力与芯片层,计算芯片主链,CPU,AI产业链 - CPU,AI产业链 - CPU,上游底层算力与芯片层 -> 计算芯片主链 -> CPU,topics/AI产业链 - CPU.md
1,AI-L4-0003,上游底层算力与芯片层,计算芯片主链,NPU,AI产业链 - NPU,AI产业链 - NPU,上游底层算力与芯片层 -> 计算芯片主链 -> NPU,topics/AI产业链 - NPU.md
1,AI-L4-0004,上游底层算力与芯片层,计算芯片主链,TPU,AI产业链 - TPU,AI产业链 - TPU,上游底层算力与芯片层 -> 计算芯片主链 -> TPU,topics/AI产业链 - TPU.md
1,AI-L4-0005,上游底层算力与芯片层,计算芯片主链,DPU / SmartNIC,AI产业链 - DPU ／ SmartNIC,AI产业链 - DPU ／ SmartNIC,上游底层算力与芯片层 -> 计算芯片主链 -> DPU / SmartNIC,topics/AI产业链 - DPU ／ SmartNIC.md
1,AI-L4-0006,上游底层算力与芯片层,计算芯片主链,ASIC / 专用加速芯片,AI产业链 - ASIC ／ 专用加速芯片,AI产业链 - ASIC ／ 专用加速芯片,上游底层算力与芯片层 -> 计算芯片主链 -> ASIC / 专用加速芯片,topics/AI产业链 - ASIC ／ 专用加速芯片.md
1,AI-L4-0007,上游底层算力与芯片层,计算芯片主链,AI 推理芯片,AI产业链 - AI 推理芯片,AI产业链 - AI 推理芯片,上游底层算力与芯片层 -> 计算芯片主链 -> AI 推理芯片,topics/AI产业链 - AI 推理芯片.md
1,AI-L4-0008,上游底层算力与芯片层,计算芯片主链,边缘 AI 芯片,AI产业链 - 边缘 AI 芯片,AI产业链 - 边缘 AI 芯片,上游底层算力与芯片层 -> 计算芯片主链 -> 边缘 AI 芯片,topics/AI产业链 - 边缘 AI 芯片.md
1,AI-L4-0009,上游底层算力与芯片层,计算芯片主链,车载 AI 芯片,AI产业链 - 车载 AI 芯片,AI产业链 - 车载 AI 芯片,上游底层算力与芯片层 -> 计算芯片主链 -> 车载 AI 芯片,topics/AI产业链 - 车载 AI 芯片.md
1,AI-L4-0010,上游底层算力与芯片层,计算芯片主链,端侧 SoC,消费电子AI终端,消费电子AI终端,上游底层算力与芯片层 -> 计算芯片主链 -> 端侧 SoC,topics/消费电子AI终端.md
1,AI-L4-0011,上游底层算力与芯片层,芯片设计与基础能力,芯片架构,AI产业链 - 芯片架构,AI产业链 - 芯片架构,上游底层算力与芯片层 -> 芯片设计与基础能力 -> 芯片架构,topics/AI产业链 - 芯片架构.md
1,AI-L4-0012,上游底层算力与芯片层,芯片设计与基础能力,IP 授权,AI产业链 - IP 授权,AI产业链 - IP 授权,上游底层算力与芯片层 -> 芯片设计与基础能力 -> IP 授权,topics/AI产业链 - IP 授权.md
1,AI-L4-0013,上游底层算力与芯片层,芯片设计与基础能力,EDA 工具,AI产业链 - EDA 工具,AI产业链 - EDA 工具,上游底层算力与芯片层 -> 芯片设计与基础能力 -> EDA 工具,topics/AI产业链 - EDA 工具.md
1,AI-L4-0014,上游底层算力与芯片层,芯片设计与基础能力,芯片设计服务,AI产业链 - 芯片设计服务,AI产业链 - 芯片设计服务,上游底层算力与芯片层 -> 芯片设计与基础能力 -> 芯片设计服务,topics/AI产业链 - 芯片设计服务.md
1,AI-L4-0015,上游底层算力与芯片层,芯片设计与基础能力,验证服务,AI产业链 - 验证服务,AI产业链 - 验证服务,上游底层算力与芯片层 -> 芯片设计与基础能力 -> 验证服务,topics/AI产业链 - 验证服务.md
1,AI-L4-0016,上游底层算力与芯片层,芯片设计与基础能力,掩膜版,AI产业链 - 掩膜版,AI产业链 - 掩膜版,上游底层算力与芯片层 -> 芯片设计与基础能力 -> 掩膜版,topics/AI产业链 - 掩膜版.md
1,AI-L4-0017,上游底层算力与芯片层,晶圆制造与工艺,先进制程代工,AI产业链 - 先进制程代工,AI产业链 - 先进制程代工,上游底层算力与芯片层 -> 晶圆制造与工艺 -> 先进制程代工,topics/AI产业链 - 先进制程代工.md
1,AI-L4-0018,上游底层算力与芯片层,晶圆制造与工艺,成熟制程代工,AI产业链 - 成熟制程代工,AI产业链 - 成熟制程代工,上游底层算力与芯片层 -> 晶圆制造与工艺 -> 成熟制程代工,topics/AI产业链 - 成熟制程代工.md
1,AI-L4-0019,上游底层算力与芯片层,晶圆制造与工艺,晶圆制造设备,AI产业链 - 晶圆制造设备,AI产业链 - 晶圆制造设备,上游底层算力与芯片层 -> 晶圆制造与工艺 -> 晶圆制造设备,topics/AI产业链 - 晶圆制造设备.md
1,AI-L4-0020,上游底层算力与芯片层,晶圆制造与工艺,光刻,AI产业链 - 光刻,AI产业链 - 光刻,上游底层算力与芯片层 -> 晶圆制造与工艺 -> 光刻,topics/AI产业链 - 光刻.md
1,AI-L4-0021,上游底层算力与芯片层,晶圆制造与工艺,刻蚀,AI产业链 - 刻蚀,AI产业链 - 刻蚀,上游底层算力与芯片层 -> 晶圆制造与工艺 -> 刻蚀,topics/AI产业链 - 刻蚀.md
1,AI-L4-0022,上游底层算力与芯片层,晶圆制造与工艺,薄膜沉积,AI产业链 - 薄膜沉积,AI产业链 - 薄膜沉积,上游底层算力与芯片层 -> 晶圆制造与工艺 -> 薄膜沉积,topics/AI产业链 - 薄膜沉积.md
1,AI-L4-0023,上游底层算力与芯片层,晶圆制造与工艺,清洗,AI产业链 - 清洗,AI产业链 - 清洗,上游底层算力与芯片层 -> 晶圆制造与工艺 -> 清洗,topics/AI产业链 - 清洗.md
1,AI-L4-0024,上游底层算力与芯片层,晶圆制造与工艺,检测量测,AI产业链 - 检测量测,AI产业链 - 检测量测,上游底层算力与芯片层 -> 晶圆制造与工艺 -> 检测量测,topics/AI产业链 - 检测量测.md
1,AI-L4-0025,上游底层算力与芯片层,晶圆制造与工艺,CMP,AI产业链 - CMP,AI产业链 - CMP,上游底层算力与芯片层 -> 晶圆制造与工艺 -> CMP,topics/AI产业链 - CMP.md
1,AI-L4-0026,上游底层算力与芯片层,晶圆制造与工艺,离子注入,AI产业链 - 离子注入,AI产业链 - 离子注入,上游底层算力与芯片层 -> 晶圆制造与工艺 -> 离子注入,topics/AI产业链 - 离子注入.md
1,AI-L4-0027,上游底层算力与芯片层,晶圆制造与工艺,工艺气体,AI产业链 - 工艺气体,AI产业链 - 工艺气体,上游底层算力与芯片层 -> 晶圆制造与工艺 -> 工艺气体,topics/AI产业链 - 工艺气体.md
1,AI-L4-0028,上游底层算力与芯片层,晶圆制造与工艺,光刻胶,AI产业链 - 光刻胶,AI产业链 - 光刻胶,上游底层算力与芯片层 -> 晶圆制造与工艺 -> 光刻胶,topics/AI产业链 - 光刻胶.md
1,AI-L4-0029,上游底层算力与芯片层,晶圆制造与工艺,靶材,AI产业链 - 靶材,AI产业链 - 靶材,上游底层算力与芯片层 -> 晶圆制造与工艺 -> 靶材,topics/AI产业链 - 靶材.md
1,AI-L4-0030,上游底层算力与芯片层,晶圆制造与工艺,硅片,硅片,硅片,上游底层算力与芯片层 -> 晶圆制造与工艺 -> 硅片,topics/硅片.md
1,AI-L4-0031,上游底层算力与芯片层,晶圆制造与工艺,化学品与湿电子化学品,AI产业链 - 化学品与湿电子化学品,AI产业链 - 化学品与湿电子化学品,上游底层算力与芯片层 -> 晶圆制造与工艺 -> 化学品与湿电子化学品,topics/AI产业链 - 化学品与湿电子化学品.md
1,AI-L4-0032,上游底层算力与芯片层,晶圆制造与工艺,光掩模 blank,AI产业链 - 光掩模 blank,AI产业链 - 光掩模 blank,上游底层算力与芯片层 -> 晶圆制造与工艺 -> 光掩模 blank,topics/AI产业链 - 光掩模 blank.md
1,AI-L4-0033,上游底层算力与芯片层,晶圆制造与工艺,掩模保护膜 / pellicle,AI产业链 - 掩模保护膜 ／ pellicle,AI产业链 - 掩模保护膜 ／ pellicle,上游底层算力与芯片层 -> 晶圆制造与工艺 -> 掩模保护膜 / pellicle,topics/AI产业链 - 掩模保护膜 ／ pellicle.md
1,AI-L4-0034,上游底层算力与芯片层,晶圆制造与工艺,CMP slurry,AI产业链 - CMP slurry,AI产业链 - CMP slurry,上游底层算力与芯片层 -> 晶圆制造与工艺 -> CMP slurry,topics/AI产业链 - CMP slurry.md
1,AI-L4-0035,上游底层算力与芯片层,晶圆制造与工艺,CMP pad,AI产业链 - CMP pad,AI产业链 - CMP pad,上游底层算力与芯片层 -> 晶圆制造与工艺 -> CMP pad,topics/AI产业链 - CMP pad.md
1,AI-L4-0036,上游底层算力与芯片层,晶圆制造与工艺,前驱体 / 特气,AI产业链 - 前驱体 ／ 特气,AI产业链 - 前驱体 ／ 特气,上游底层算力与芯片层 -> 晶圆制造与工艺 -> 前驱体 / 特气,topics/AI产业链 - 前驱体 ／ 特气.md
1,AI-L4-0037,上游底层算力与芯片层,晶圆制造与工艺,化合物半导体衬底,AI产业链 - 化合物半导体衬底,AI产业链 - 化合物半导体衬底,上游底层算力与芯片层 -> 晶圆制造与工艺 -> 化合物半导体衬底,topics/AI产业链 - 化合物半导体衬底.md
1,AI-L4-0038,上游底层算力与芯片层,晶圆制造与工艺,InP / GaAs 外延与晶圆,AI产业链 - InP ／ GaAs 外延与晶圆,AI产业链 - InP ／ GaAs 外延与晶圆,上游底层算力与芯片层 -> 晶圆制造与工艺 -> InP / GaAs 外延与晶圆,topics/AI产业链 - InP ／ GaAs 外延与晶圆.md
1,AI-L4-0039,上游底层算力与芯片层,存储链,HBM,AI产业链 - HBM,AI产业链 - HBM,上游底层算力与芯片层 -> 存储链 -> HBM,topics/AI产业链 - HBM.md
1,AI-L4-0040,上游底层算力与芯片层,存储链,DDR / LPDDR,AI产业链 - DDR ／ LPDDR,AI产业链 - DDR ／ LPDDR,上游底层算力与芯片层 -> 存储链 -> DDR / LPDDR,topics/AI产业链 - DDR ／ LPDDR.md
1,AI-L4-0041,上游底层算力与芯片层,存储链,GDDR,AI产业链 - GDDR,AI产业链 - GDDR,上游底层算力与芯片层 -> 存储链 -> GDDR,topics/AI产业链 - GDDR.md
1,AI-L4-0042,上游底层算力与芯片层,存储链,NAND Flash,AI产业链 - NAND Flash,AI产业链 - NAND Flash,上游底层算力与芯片层 -> 存储链 -> NAND Flash,topics/AI产业链 - NAND Flash.md
1,AI-L4-0043,上游底层算力与芯片层,存储链,SSD,AI产业链 - SSD,AI产业链 - SSD,上游底层算力与芯片层 -> 存储链 -> SSD,topics/AI产业链 - SSD.md
1,AI-L4-0044,上游底层算力与芯片层,存储链,企业级存储模组,AI产业链 - 企业级存储模组,AI产业链 - 企业级存储模组,上游底层算力与芯片层 -> 存储链 -> 企业级存储模组,topics/AI产业链 - 企业级存储模组.md
1,AI-L4-0045,上游底层算力与芯片层,存储链,存储控制器,AI产业链 - 存储控制器,AI产业链 - 存储控制器,上游底层算力与芯片层 -> 存储链 -> 存储控制器,topics/AI产业链 - 存储控制器.md
1,AI-L4-0046,上游底层算力与芯片层,存储链,CXL 相关扩展存储,AI产业链 - CXL 相关扩展存储,AI产业链 - CXL 相关扩展存储,上游底层算力与芯片层 -> 存储链 -> CXL 相关扩展存储,topics/AI产业链 - CXL 相关扩展存储.md
1,AI-L4-0047,上游底层算力与芯片层,存储链,近存储 / 存算一体方向,AI产业链 - 近存储 ／ 存算一体方向,AI产业链 - 近存储 ／ 存算一体方向,上游底层算力与芯片层 -> 存储链 -> 近存储 / 存算一体方向,topics/AI产业链 - 近存储 ／ 存算一体方向.md
1,AI-L4-0048,上游底层算力与芯片层,存储链,Server DRAM,AI产业链 - Server DRAM,AI产业链 - Server DRAM,上游底层算力与芯片层 -> 存储链 -> Server DRAM,topics/AI产业链 - Server DRAM.md
1,AI-L4-0049,上游底层算力与芯片层,存储链,HBM 堆叠与测试,AI产业链 - HBM 堆叠与测试,AI产业链 - HBM 堆叠与测试,上游底层算力与芯片层 -> 存储链 -> HBM 堆叠与测试,topics/AI产业链 - HBM 堆叠与测试.md
1,AI-L4-0050,上游底层算力与芯片层,存储链,Burn-in / memory test,AI产业链 - Burn-in ／ memory test,AI产业链 - Burn-in ／ memory test,上游底层算力与芯片层 -> 存储链 -> Burn-in / memory test,topics/AI产业链 - Burn-in ／ memory test.md
1,AI-L4-0051,上游底层算力与芯片层,存储链,DRAM / NAND 工艺迁移,AI产业链 - DRAM ／ NAND 工艺迁移,AI产业链 - DRAM ／ NAND 工艺迁移,上游底层算力与芯片层 -> 存储链 -> DRAM / NAND 工艺迁移,topics/AI产业链 - DRAM ／ NAND 工艺迁移.md
1,AI-L4-0052,上游底层算力与芯片层,先进封装链,CoWoS,AI产业链 - CoWoS,AI产业链 - CoWoS,上游底层算力与芯片层 -> 先进封装链 -> CoWoS,topics/AI产业链 - CoWoS.md
1,AI-L4-0053,上游底层算力与芯片层,先进封装链,InFO,AI产业链 - InFO,AI产业链 - InFO,上游底层算力与芯片层 -> 先进封装链 -> InFO,topics/AI产业链 - InFO.md
1,AI-L4-0054,上游底层算力与芯片层,先进封装链,SoIC,AI产业链 - SoIC,AI产业链 - SoIC,上游底层算力与芯片层 -> 先进封装链 -> SoIC,topics/AI产业链 - SoIC.md
1,AI-L4-0055,上游底层算力与芯片层,先进封装链,2.5D 封装,AI产业链 - 2.5D 封装,AI产业链 - 2.5D 封装,上游底层算力与芯片层 -> 先进封装链 -> 2.5D 封装,topics/AI产业链 - 2.5D 封装.md
1,AI-L4-0056,上游底层算力与芯片层,先进封装链,3D 封装,AI产业链 - 3D 封装,AI产业链 - 3D 封装,上游底层算力与芯片层 -> 先进封装链 -> 3D 封装,topics/AI产业链 - 3D 封装.md
1,AI-L4-0057,上游底层算力与芯片层,先进封装链,Chiplet,AI产业链 - Chiplet,AI产业链 - Chiplet,上游底层算力与芯片层 -> 先进封装链 -> Chiplet,topics/AI产业链 - Chiplet.md
1,AI-L4-0058,上游底层算力与芯片层,先进封装链,TSV,AI产业链 - TSV,AI产业链 - TSV,上游底层算力与芯片层 -> 先进封装链 -> TSV,topics/AI产业链 - TSV.md
1,AI-L4-0059,上游底层算力与芯片层,先进封装链,硅中介层,AI产业链 - 硅中介层,AI产业链 - 硅中介层,上游底层算力与芯片层 -> 先进封装链 -> 硅中介层,topics/AI产业链 - 硅中介层.md
1,AI-L4-0060,上游底层算力与芯片层,先进封装链,封装基板,AI产业链 - 封装基板,AI产业链 - 封装基板,上游底层算力与芯片层 -> 先进封装链 -> 封装基板,topics/AI产业链 - 封装基板.md
1,AI-L4-0061,上游底层算力与芯片层,先进封装链,引线框架,AI产业链 - 引线框架,AI产业链 - 引线框架,上游底层算力与芯片层 -> 先进封装链 -> 引线框架,topics/AI产业链 - 引线框架.md
1,AI-L4-0062,上游底层算力与芯片层,先进封装链,键合材料,AI产业链 - 键合材料,AI产业链 - 键合材料,上游底层算力与芯片层 -> 先进封装链 -> 键合材料,topics/AI产业链 - 键合材料.md
1,AI-L4-0063,上游底层算力与芯片层,先进封装链,底填材料,AI产业链 - 底填材料,AI产业链 - 底填材料,上游底层算力与芯片层 -> 先进封装链 -> 底填材料,topics/AI产业链 - 底填材料.md
1,AI-L4-0064,上游底层算力与芯片层,先进封装链,封装设备,AI产业链 - 封装设备,AI产业链 - 封装设备,上游底层算力与芯片层 -> 先进封装链 -> 封装设备,topics/AI产业链 - 封装设备.md
1,AI-L4-0065,上游底层算力与芯片层,先进封装链,封装测试,AI产业链 - 封装测试,AI产业链 - 封装测试,上游底层算力与芯片层 -> 先进封装链 -> 封装测试,topics/AI产业链 - 封装测试.md
1,AI-L4-0066,上游底层算力与芯片层,先进封装链,Burn-in / 老化测试,AI产业链 - Burn-in ／ 老化测试,AI产业链 - Burn-in ／ 老化测试,上游底层算力与芯片层 -> 先进封装链 -> Burn-in / 老化测试,topics/AI产业链 - Burn-in ／ 老化测试.md
1,AI-L4-0067,上游底层算力与芯片层,先进封装链,Hybrid bonding,AI产业链 - Hybrid bonding,AI产业链 - Hybrid bonding,上游底层算力与芯片层 -> 先进封装链 -> Hybrid bonding,topics/AI产业链 - Hybrid bonding.md
1,AI-L4-0068,上游底层算力与芯片层,先进封装链,TC bonder,AI产业链 - TC bonder,AI产业链 - TC bonder,上游底层算力与芯片层 -> 先进封装链 -> TC bonder,topics/AI产业链 - TC bonder.md
1,AI-L4-0069,上游底层算力与芯片层,先进封装链,ABF / FCBGA 基板,AI产业链 - ABF ／ FCBGA 基板,AI产业链 - ABF ／ FCBGA 基板,上游底层算力与芯片层 -> 先进封装链 -> ABF / FCBGA 基板,topics/AI产业链 - ABF ／ FCBGA 基板.md
1,AI-L4-0070,上游底层算力与芯片层,先进封装链,Glass substrate / glass core,玻璃基板,玻璃基板,上游底层算力与芯片层 -> 先进封装链 -> Glass substrate / glass core,topics/玻璃基板.md
1,AI-L4-0071,上游底层算力与芯片层,先进封装链,Panel-level packaging,AI产业链 - Panel-level packaging,AI产业链 - Panel-level packaging,上游底层算力与芯片层 -> 先进封装链 -> Panel-level packaging,topics/AI产业链 - Panel-level packaging.md
1,AI-L4-0072,上游底层算力与芯片层,高速互联链,交换芯片,AI产业链 - 交换芯片,AI产业链 - 交换芯片,上游底层算力与芯片层 -> 高速互联链 -> 交换芯片,topics/AI产业链 - 交换芯片.md
1,AI-L4-0073,上游底层算力与芯片层,高速互联链,以太网交换机,AI产业链 - 以太网交换机,AI产业链 - 以太网交换机,上游底层算力与芯片层 -> 高速互联链 -> 以太网交换机,topics/AI产业链 - 以太网交换机.md
1,AI-L4-0074,上游底层算力与芯片层,高速互联链,InfiniBand / RDMA,AI产业链 - InfiniBand ／ RDMA,AI产业链 - InfiniBand ／ RDMA,上游底层算力与芯片层 -> 高速互联链 -> InfiniBand / RDMA,topics/AI产业链 - InfiniBand ／ RDMA.md
1,AI-L4-0075,上游底层算力与芯片层,高速互联链,高速网卡,AI产业链 - 高速网卡,AI产业链 - 高速网卡,上游底层算力与芯片层 -> 高速互联链 -> 高速网卡,topics/AI产业链 - 高速网卡.md
1,AI-L4-0076,上游底层算力与芯片层,高速互联链,光模块,光模块光通信,光模块光通信,上游底层算力与芯片层 -> 高速互联链 -> 光模块,topics/光模块光通信.md
1,AI-L4-0077,上游底层算力与芯片层,高速互联链,激光器,AI产业链 - 激光器,AI产业链 - 激光器,上游底层算力与芯片层 -> 高速互联链 -> 激光器,topics/AI产业链 - 激光器.md
1,AI-L4-0078,上游底层算力与芯片层,高速互联链,光器件,AI产业链 - 光器件,AI产业链 - 光器件,上游底层算力与芯片层 -> 高速互联链 -> 光器件,topics/AI产业链 - 光器件.md
1,AI-L4-0079,上游底层算力与芯片层,高速互联链,光引擎,AI产业链 - 光引擎,AI产业链 - 光引擎,上游底层算力与芯片层 -> 高速互联链 -> 光引擎,topics/AI产业链 - 光引擎.md
1,AI-L4-0080,上游底层算力与芯片层,高速互联链,DAC / AOC,AI产业链 - DAC ／ AOC,AI产业链 - DAC ／ AOC,上游底层算力与芯片层 -> 高速互联链 -> DAC / AOC,topics/AI产业链 - DAC ／ AOC.md
1,AI-L4-0081,上游底层算力与芯片层,高速互联链,铜连接,AI产业链 - 铜连接,AI产业链 - 铜连接,上游底层算力与芯片层 -> 高速互联链 -> 铜连接,topics/AI产业链 - 铜连接.md
1,AI-L4-0082,上游底层算力与芯片层,高速互联链,SerDes,AI产业链 - SerDes,AI产业链 - SerDes,上游底层算力与芯片层 -> 高速互联链 -> SerDes,topics/AI产业链 - SerDes.md
1,AI-L4-0083,上游底层算力与芯片层,高速互联链,CPO,AI产业链 - CPO,AI产业链 - CPO,上游底层算力与芯片层 -> 高速互联链 -> CPO,topics/AI产业链 - CPO.md
1,AI-L4-0084,上游底层算力与芯片层,高速互联链,光电共封装前沿方向,AI产业链 - 光电共封装前沿方向,AI产业链 - 光电共封装前沿方向,上游底层算力与芯片层 -> 高速互联链 -> 光电共封装前沿方向,topics/AI产业链 - 光电共封装前沿方向.md
1,AI-L4-0085,上游底层算力与芯片层,高速互联链,Silicon photonics,AI产业链 - Silicon photonics,AI产业链 - Silicon photonics,上游底层算力与芯片层 -> 高速互联链 -> Silicon photonics,topics/AI产业链 - Silicon photonics.md
1,AI-L4-0086,上游底层算力与芯片层,高速互联链,InP EML / DML / CW laser,AI产业链 - InP EML ／ DML ／ CW laser,AI产业链 - InP EML ／ DML ／ CW laser,上游底层算力与芯片层 -> 高速互联链 -> InP EML / DML / CW laser,topics/AI产业链 - InP EML ／ DML ／ CW laser.md
1,AI-L4-0087,上游底层算力与芯片层,高速互联链,LPO,AI产业链 - LPO,AI产业链 - LPO,上游底层算力与芯片层 -> 高速互联链 -> LPO,topics/AI产业链 - LPO.md
1,AI-L4-0088,上游底层算力与芯片层,高速互联链,Coherent optics / ZR / ZR+,AI产业链 - Coherent optics ／ ZR ／ ZR+,AI产业链 - Coherent optics ／ ZR ／ ZR+,上游底层算力与芯片层 -> 高速互联链 -> Coherent optics / ZR / ZR+,topics/AI产业链 - Coherent optics ／ ZR ／ ZR+.md
1,AI-L4-0089,中游整机与系统集成层,AI 服务器,训练服务器,AI产业链 - 训练服务器,AI产业链 - 训练服务器,中游整机与系统集成层 -> AI 服务器 -> 训练服务器,topics/AI产业链 - 训练服务器.md
1,AI-L4-0090,中游整机与系统集成层,AI 服务器,推理服务器,AI产业链 - 推理服务器,AI产业链 - 推理服务器,中游整机与系统集成层 -> AI 服务器 -> 推理服务器,topics/AI产业链 - 推理服务器.md
1,AI-L4-0091,中游整机与系统集成层,AI 服务器,通用 AI 服务器,AI产业链 - 通用 AI 服务器,AI产业链 - 通用 AI 服务器,中游整机与系统集成层 -> AI 服务器 -> 通用 AI 服务器,topics/AI产业链 - 通用 AI 服务器.md
1,AI-L4-0092,中游整机与系统集成层,AI 服务器,高密度 GPU 服务器,AI产业链 - 高密度 GPU 服务器,AI产业链 - 高密度 GPU 服务器,中游整机与系统集成层 -> AI 服务器 -> 高密度 GPU 服务器,topics/AI产业链 - 高密度 GPU 服务器.md
1,AI-L4-0093,中游整机与系统集成层,AI 服务器,国产算力服务器,AI产业链 - 国产算力服务器,AI产业链 - 国产算力服务器,中游整机与系统集成层 -> AI 服务器 -> 国产算力服务器,topics/AI产业链 - 国产算力服务器.md
1,AI-L4-0094,中游整机与系统集成层,AI 服务器,一体机 / 专用箱体,AI产业链 - 一体机 ／ 专用箱体,AI产业链 - 一体机 ／ 专用箱体,中游整机与系统集成层 -> AI 服务器 -> 一体机 / 专用箱体,topics/AI产业链 - 一体机 ／ 专用箱体.md
1,AI-L4-0095,中游整机与系统集成层,网络与机柜系统,交换机整机,AI产业链 - 交换机整机,AI产业链 - 交换机整机,中游整机与系统集成层 -> 网络与机柜系统 -> 交换机整机,topics/AI产业链 - 交换机整机.md
1,AI-L4-0096,中游整机与系统集成层,网络与机柜系统,路由设备,AI产业链 - 路由设备,AI产业链 - 路由设备,中游整机与系统集成层 -> 网络与机柜系统 -> 路由设备,topics/AI产业链 - 路由设备.md
1,AI-L4-0097,中游整机与系统集成层,网络与机柜系统,机柜,AI产业链 - 机柜,AI产业链 - 机柜,中游整机与系统集成层 -> 网络与机柜系统 -> 机柜,topics/AI产业链 - 机柜.md
1,AI-L4-0098,中游整机与系统集成层,网络与机柜系统,机箱,AI产业链 - 机箱,AI产业链 - 机箱,中游整机与系统集成层 -> 网络与机柜系统 -> 机箱,topics/AI产业链 - 机箱.md
1,AI-L4-0099,中游整机与系统集成层,网络与机柜系统,背板,AI产业链 - 背板,AI产业链 - 背板,中游整机与系统集成层 -> 网络与机柜系统 -> 背板,topics/AI产业链 - 背板.md
1,AI-L4-0100,中游整机与系统集成层,网络与机柜系统,连接器,AI产业链 - 连接器,AI产业链 - 连接器,中游整机与系统集成层 -> 网络与机柜系统 -> 连接器,topics/AI产业链 - 连接器.md
1,AI-L4-0101,中游整机与系统集成层,网络与机柜系统,线缆,AI产业链 - 线缆,AI产业链 - 线缆,中游整机与系统集成层 -> 网络与机柜系统 -> 线缆,topics/AI产业链 - 线缆.md
1,AI-L4-0102,中游整机与系统集成层,网络与机柜系统,电源模组,AI产业链 - 电源模组,AI产业链 - 电源模组,中游整机与系统集成层 -> 网络与机柜系统 -> 电源模组,topics/AI产业链 - 电源模组.md
1,AI-L4-0103,中游整机与系统集成层,网络与机柜系统,配电模组,AI产业链 - 配电模组,AI产业链 - 配电模组,中游整机与系统集成层 -> 网络与机柜系统 -> 配电模组,topics/AI产业链 - 配电模组.md
1,AI-L4-0104,中游整机与系统集成层,ODM / JDM / 系统集成,ODM,AI产业链 - ODM,AI产业链 - ODM,中游整机与系统集成层 -> ODM / JDM / 系统集成 -> ODM,topics/AI产业链 - ODM.md
1,AI-L4-0105,中游整机与系统集成层,ODM / JDM / 系统集成,JDM,AI产业链 - JDM,AI产业链 - JDM,中游整机与系统集成层 -> ODM / JDM / 系统集成 -> JDM,topics/AI产业链 - JDM.md
1,AI-L4-0106,中游整机与系统集成层,ODM / JDM / 系统集成,集群集成,AI产业链 - 集群集成,AI产业链 - 集群集成,中游整机与系统集成层 -> ODM / JDM / 系统集成 -> 集群集成,topics/AI产业链 - 集群集成.md
1,AI-L4-0107,中游整机与系统集成层,ODM / JDM / 系统集成,整机交付,AI产业链 - 整机交付,AI产业链 - 整机交付,中游整机与系统集成层 -> ODM / JDM / 系统集成 -> 整机交付,topics/AI产业链 - 整机交付.md
1,AI-L4-0108,中游整机与系统集成层,ODM / JDM / 系统集成,上架部署,AI产业链 - 上架部署,AI产业链 - 上架部署,中游整机与系统集成层 -> ODM / JDM / 系统集成 -> 上架部署,topics/AI产业链 - 上架部署.md
1,AI-L4-0109,中游整机与系统集成层,ODM / JDM / 系统集成,调试维保,AI产业链 - 调试维保,AI产业链 - 调试维保,中游整机与系统集成层 -> ODM / JDM / 系统集成 -> 调试维保,topics/AI产业链 - 调试维保.md
1,AI-L4-0110,数据中心与基础设施层,数据中心资源层,通用 IDC,AI产业链 - 通用 IDC,AI产业链 - 通用 IDC,数据中心与基础设施层 -> 数据中心资源层 -> 通用 IDC,topics/AI产业链 - 通用 IDC.md
1,AI-L4-0111,数据中心与基础设施层,数据中心资源层,AIDC,AI产业链 - AIDC,AI产业链 - AIDC,数据中心与基础设施层 -> 数据中心资源层 -> AIDC,topics/AI产业链 - AIDC.md
1,AI-L4-0112,数据中心与基础设施层,数据中心资源层,算力中心,AI产业链 - 算力中心,AI产业链 - 算力中心,数据中心与基础设施层 -> 数据中心资源层 -> 算力中心,topics/AI产业链 - 算力中心.md
1,AI-L4-0113,数据中心与基础设施层,数据中心资源层,机柜资源,AI产业链 - 机柜资源,AI产业链 - 机柜资源,数据中心与基础设施层 -> 数据中心资源层 -> 机柜资源,topics/AI产业链 - 机柜资源.md
1,AI-L4-0114,数据中心与基础设施层,数据中心资源层,园区资源,AI产业链 - 园区资源,AI产业链 - 园区资源,数据中心与基础设施层 -> 数据中心资源层 -> 园区资源,topics/AI产业链 - 园区资源.md
1,AI-L4-0115,数据中心与基础设施层,数据中心资源层,网络资源,AI产业链 - 网络资源,AI产业链 - 网络资源,数据中心与基础设施层 -> 数据中心资源层 -> 网络资源,topics/AI产业链 - 网络资源.md
1,AI-L4-0116,数据中心与基础设施层,机房建设层,土建,AI产业链 - 土建,AI产业链 - 土建,数据中心与基础设施层 -> 机房建设层 -> 土建,topics/AI产业链 - 土建.md
1,AI-L4-0117,数据中心与基础设施层,机房建设层,机电,AI产业链 - 机电,AI产业链 - 机电,数据中心与基础设施层 -> 机房建设层 -> 机电,topics/AI产业链 - 机电.md
1,AI-L4-0118,数据中心与基础设施层,机房建设层,模块化机房,AI产业链 - 模块化机房,AI产业链 - 模块化机房,数据中心与基础设施层 -> 机房建设层 -> 模块化机房,topics/AI产业链 - 模块化机房.md
1,AI-L4-0119,数据中心与基础设施层,机房建设层,预制化机房,AI产业链 - 预制化机房,AI产业链 - 预制化机房,数据中心与基础设施层 -> 机房建设层 -> 预制化机房,topics/AI产业链 - 预制化机房.md
1,AI-L4-0120,数据中心与基础设施层,机房建设层,消防,AI产业链 - 消防,AI产业链 - 消防,数据中心与基础设施层 -> 机房建设层 -> 消防,topics/AI产业链 - 消防.md
1,AI-L4-0121,数据中心与基础设施层,机房建设层,楼宇控制,AI产业链 - 楼宇控制,AI产业链 - 楼宇控制,数据中心与基础设施层 -> 机房建设层 -> 楼宇控制,topics/AI产业链 - 楼宇控制.md
1,AI-L4-0122,数据中心与基础设施层,供配电层,变压器,AI产业链 - 变压器,AI产业链 - 变压器,数据中心与基础设施层 -> 供配电层 -> 变压器,topics/AI产业链 - 变压器.md
1,AI-L4-0123,数据中心与基础设施层,供配电层,UPS,AI产业链 - UPS,AI产业链 - UPS,数据中心与基础设施层 -> 供配电层 -> UPS,topics/AI产业链 - UPS.md
1,AI-L4-0124,数据中心与基础设施层,供配电层,PDU,AI产业链 - PDU,AI产业链 - PDU,数据中心与基础设施层 -> 供配电层 -> PDU,topics/AI产业链 - PDU.md
1,AI-L4-0125,数据中心与基础设施层,供配电层,柴发,AI产业链 - 柴发,AI产业链 - 柴发,数据中心与基础设施层 -> 供配电层 -> 柴发,topics/AI产业链 - 柴发.md
1,AI-L4-0126,数据中心与基础设施层,供配电层,母线,AI产业链 - 母线,AI产业链 - 母线,数据中心与基础设施层 -> 供配电层 -> 母线,topics/AI产业链 - 母线.md
1,AI-L4-0127,数据中心与基础设施层,供配电层,配电柜,AI产业链 - 配电柜,AI产业链 - 配电柜,数据中心与基础设施层 -> 供配电层 -> 配电柜,topics/AI产业链 - 配电柜.md
1,AI-L4-0128,数据中心与基础设施层,供配电层,储能,AI产业链 - 储能,AI产业链 - 储能,数据中心与基础设施层 -> 供配电层 -> 储能,topics/AI产业链 - 储能.md
1,AI-L4-0129,数据中心与基础设施层,供配电层,微电网,AI产业链 - 微电网,AI产业链 - 微电网,数据中心与基础设施层 -> 供配电层 -> 微电网,topics/AI产业链 - 微电网.md
1,AI-L4-0130,数据中心与基础设施层,供配电层,绿电接入,AI产业链 - 绿电接入,AI产业链 - 绿电接入,数据中心与基础设施层 -> 供配电层 -> 绿电接入,topics/AI产业链 - 绿电接入.md
1,AI-L4-0131,数据中心与基础设施层,供配电层,负荷管理,AI产业链 - 负荷管理,AI产业链 - 负荷管理,数据中心与基础设施层 -> 供配电层 -> 负荷管理,topics/AI产业链 - 负荷管理.md
1,AI-L4-0132,数据中心与基础设施层,散热与温控层,风冷,AI产业链 - 风冷,AI产业链 - 风冷,数据中心与基础设施层 -> 散热与温控层 -> 风冷,topics/AI产业链 - 风冷.md
1,AI-L4-0133,数据中心与基础设施层,散热与温控层,冷板液冷,AI产业链 - 冷板液冷,AI产业链 - 冷板液冷,数据中心与基础设施层 -> 散热与温控层 -> 冷板液冷,topics/AI产业链 - 冷板液冷.md
1,AI-L4-0134,数据中心与基础设施层,散热与温控层,浸没液冷,AI产业链 - 浸没液冷,AI产业链 - 浸没液冷,数据中心与基础设施层 -> 散热与温控层 -> 浸没液冷,topics/AI产业链 - 浸没液冷.md
1,AI-L4-0135,数据中心与基础设施层,散热与温控层,CDU,AI产业链 - CDU,AI产业链 - CDU,数据中心与基础设施层 -> 散热与温控层 -> CDU,topics/AI产业链 - CDU.md
1,AI-L4-0136,数据中心与基础设施层,散热与温控层,冷水机组,AI产业链 - 冷水机组,AI产业链 - 冷水机组,数据中心与基础设施层 -> 散热与温控层 -> 冷水机组,topics/AI产业链 - 冷水机组.md
1,AI-L4-0137,数据中心与基础设施层,散热与温控层,冷却塔,AI产业链 - 冷却塔,AI产业链 - 冷却塔,数据中心与基础设施层 -> 散热与温控层 -> 冷却塔,topics/AI产业链 - 冷却塔.md
1,AI-L4-0138,数据中心与基础设施层,散热与温控层,热交换器,AI产业链 - 热交换器,AI产业链 - 热交换器,数据中心与基础设施层 -> 散热与温控层 -> 热交换器,topics/AI产业链 - 热交换器.md
1,AI-L4-0139,数据中心与基础设施层,散热与温控层,温控系统,AI产业链 - 温控系统,AI产业链 - 温控系统,数据中心与基础设施层 -> 散热与温控层 -> 温控系统,topics/AI产业链 - 温控系统.md
1,AI-L4-0140,数据中心与基础设施层,散热与温控层,热管理材料,AI产业链 - 热管理材料,AI产业链 - 热管理材料,数据中心与基础设施层 -> 散热与温控层 -> 热管理材料,topics/AI产业链 - 热管理材料.md
1,AI-L4-0141,数据中心与基础设施层,散热与温控层,管路与阀件,AI产业链 - 管路与阀件,AI产业链 - 管路与阀件,数据中心与基础设施层 -> 散热与温控层 -> 管路与阀件,topics/AI产业链 - 管路与阀件.md
1,AI-L4-0142,算力运营与云平台层,云基础设施平台,公有云,AI产业链 - 公有云,AI产业链 - 公有云,算力运营与云平台层 -> 云基础设施平台 -> 公有云,topics/AI产业链 - 公有云.md
1,AI-L4-0143,算力运营与云平台层,云基础设施平台,私有云,AI产业链 - 私有云,AI产业链 - 私有云,算力运营与云平台层 -> 云基础设施平台 -> 私有云,topics/AI产业链 - 私有云.md
1,AI-L4-0144,算力运营与云平台层,云基础设施平台,混合云,AI产业链 - 混合云,AI产业链 - 混合云,算力运营与云平台层 -> 云基础设施平台 -> 混合云,topics/AI产业链 - 混合云.md
1,AI-L4-0145,算力运营与云平台层,云基础设施平台,行业云,AI产业链 - 行业云,AI产业链 - 行业云,算力运营与云平台层 -> 云基础设施平台 -> 行业云,topics/AI产业链 - 行业云.md
1,AI-L4-0146,算力运营与云平台层,算力运营平台,算力租赁,算力租赁_Token,算力租赁_Token,算力运营与云平台层 -> 算力运营平台 -> 算力租赁,topics/算力租赁_Token.md
1,AI-L4-0147,算力运营与云平台层,算力运营平台,算力调度,AI产业链 - 算力调度,AI产业链 - 算力调度,算力运营与云平台层 -> 算力运营平台 -> 算力调度,topics/AI产业链 - 算力调度.md
1,AI-L4-0148,算力运营与云平台层,算力运营平台,算力托管,AI产业链 - 算力托管,AI产业链 - 算力托管,算力运营与云平台层 -> 算力运营平台 -> 算力托管,topics/AI产业链 - 算力托管.md
1,AI-L4-0149,算力运营与云平台层,算力运营平台,算力券 / 算力交易,AI产业链 - 算力券 ／ 算力交易,AI产业链 - 算力券 ／ 算力交易,算力运营与云平台层 -> 算力运营平台 -> 算力券 / 算力交易,topics/AI产业链 - 算力券 ／ 算力交易.md
1,AI-L4-0150,算力运营与云平台层,算力运营平台,算力计费,AI产业链 - 算力计费,AI产业链 - 算力计费,算力运营与云平台层 -> 算力运营平台 -> 算力计费,topics/AI产业链 - 算力计费.md
1,AI-L4-0151,算力运营与云平台层,算力运营平台,资源调优,AI产业链 - 资源调优,AI产业链 - 资源调优,算力运营与云平台层 -> 算力运营平台 -> 资源调优,topics/AI产业链 - 资源调优.md
1,AI-L4-0152,算力运营与云平台层,推理服务平台,模型 API 平台,AI产业链 - 模型 API 平台,AI产业链 - 模型 API 平台,算力运营与云平台层 -> 推理服务平台 -> 模型 API 平台,topics/AI产业链 - 模型 API 平台.md
1,AI-L4-0153,算力运营与云平台层,推理服务平台,推理服务平台,AI产业链 - 推理服务平台 - 推理服务平台,AI产业链 - 推理服务平台 - 推理服务平台,算力运营与云平台层 -> 推理服务平台 -> 推理服务平台,topics/AI产业链 - 推理服务平台 - 推理服务平台.md
1,AI-L4-0154,算力运营与云平台层,推理服务平台,多模型路由,AI产业链 - 多模型路由,AI产业链 - 多模型路由,算力运营与云平台层 -> 推理服务平台 -> 多模型路由,topics/AI产业链 - 多模型路由.md
1,AI-L4-0155,算力运营与云平台层,推理服务平台,Agent 平台,AI产业链 - Agent 平台,AI产业链 - Agent 平台,算力运营与云平台层 -> 推理服务平台 -> Agent 平台,topics/AI产业链 - Agent 平台.md
1,AI-L4-0156,算力运营与云平台层,推理服务平台,企业 AI 中台,AI产业链 - 企业 AI 中台,AI产业链 - 企业 AI 中台,算力运营与云平台层 -> 推理服务平台 -> 企业 AI 中台,topics/AI产业链 - 企业 AI 中台.md
1,AI-L4-0157,模型层,基座模型,大语言模型,AI产业链 - 大语言模型,AI产业链 - 大语言模型,模型层 -> 基座模型 -> 大语言模型,topics/AI产业链 - 大语言模型.md
1,AI-L4-0158,模型层,基座模型,多模态模型,AI产业链 - 多模态模型,AI产业链 - 多模态模型,模型层 -> 基座模型 -> 多模态模型,topics/AI产业链 - 多模态模型.md
1,AI-L4-0159,模型层,基座模型,视觉模型,AI产业链 - 视觉模型,AI产业链 - 视觉模型,模型层 -> 基座模型 -> 视觉模型,topics/AI产业链 - 视觉模型.md
1,AI-L4-0160,模型层,基座模型,音频模型,AI产业链 - 音频模型,AI产业链 - 音频模型,模型层 -> 基座模型 -> 音频模型,topics/AI产业链 - 音频模型.md
1,AI-L4-0161,模型层,基座模型,代码模型,AI产业链 - 代码模型,AI产业链 - 代码模型,模型层 -> 基座模型 -> 代码模型,topics/AI产业链 - 代码模型.md
1,AI-L4-0162,模型层,基座模型,科学计算模型,AI产业链 - 科学计算模型,AI产业链 - 科学计算模型,模型层 -> 基座模型 -> 科学计算模型,topics/AI产业链 - 科学计算模型.md
1,AI-L4-0163,模型层,基座模型,端侧模型,AI产业链 - 端侧模型,AI产业链 - 端侧模型,模型层 -> 基座模型 -> 端侧模型,topics/AI产业链 - 端侧模型.md
1,AI-L4-0164,模型层,基座模型,小模型,AI产业链 - 小模型,AI产业链 - 小模型,模型层 -> 基座模型 -> 小模型,topics/AI产业链 - 小模型.md
1,AI-L4-0165,模型层,训练与对齐,预训练,AI产业链 - 预训练,AI产业链 - 预训练,模型层 -> 训练与对齐 -> 预训练,topics/AI产业链 - 预训练.md
1,AI-L4-0166,模型层,训练与对齐,微调,AI产业链 - 微调,AI产业链 - 微调,模型层 -> 训练与对齐 -> 微调,topics/AI产业链 - 微调.md
1,AI-L4-0167,模型层,训练与对齐,蒸馏,AI产业链 - 蒸馏,AI产业链 - 蒸馏,模型层 -> 训练与对齐 -> 蒸馏,topics/AI产业链 - 蒸馏.md
1,AI-L4-0168,模型层,训练与对齐,量化,AI产业链 - 量化,AI产业链 - 量化,模型层 -> 训练与对齐 -> 量化,topics/AI产业链 - 量化.md
1,AI-L4-0169,模型层,训练与对齐,RLHF / RLAIF,AI产业链 - RLHF ／ RLAIF,AI产业链 - RLHF ／ RLAIF,模型层 -> 训练与对齐 -> RLHF / RLAIF,topics/AI产业链 - RLHF ／ RLAIF.md
1,AI-L4-0170,模型层,训练与对齐,安全对齐,AI产业链 - 安全对齐,AI产业链 - 安全对齐,模型层 -> 训练与对齐 -> 安全对齐,topics/AI产业链 - 安全对齐.md
1,AI-L4-0171,模型层,训练与对齐,评测,AI产业链 - 评测,AI产业链 - 评测,模型层 -> 训练与对齐 -> 评测,topics/AI产业链 - 评测.md
1,AI-L4-0172,模型层,训练与对齐,红队测试,AI产业链 - 红队测试,AI产业链 - 红队测试,模型层 -> 训练与对齐 -> 红队测试,topics/AI产业链 - 红队测试.md
1,AI-L4-0173,模型层,推理与部署,推理引擎,AI产业链 - 推理引擎,AI产业链 - 推理引擎,模型层 -> 推理与部署 -> 推理引擎,topics/AI产业链 - 推理引擎.md
1,AI-L4-0174,模型层,推理与部署,编译优化,AI产业链 - 编译优化,AI产业链 - 编译优化,模型层 -> 推理与部署 -> 编译优化,topics/AI产业链 - 编译优化.md
1,AI-L4-0175,模型层,推理与部署,服务编排,AI产业链 - 服务编排,AI产业链 - 服务编排,模型层 -> 推理与部署 -> 服务编排,topics/AI产业链 - 服务编排.md
1,AI-L4-0176,模型层,推理与部署,高并发网关,AI产业链 - 高并发网关,AI产业链 - 高并发网关,模型层 -> 推理与部署 -> 高并发网关,topics/AI产业链 - 高并发网关.md
1,AI-L4-0177,模型层,推理与部署,边缘部署,AI产业链 - 边缘部署,AI产业链 - 边缘部署,模型层 -> 推理与部署 -> 边缘部署,topics/AI产业链 - 边缘部署.md
1,AI-L4-0178,模型层,推理与部署,终端部署,AI产业链 - 终端部署,AI产业链 - 终端部署,模型层 -> 推理与部署 -> 终端部署,topics/AI产业链 - 终端部署.md
1,AI-L4-0179,数据层,数据供给,公共数据,AI产业链 - 公共数据,AI产业链 - 公共数据,数据层 -> 数据供给 -> 公共数据,topics/AI产业链 - 公共数据.md
1,AI-L4-0180,数据层,数据供给,版权数据,AI产业链 - 版权数据,AI产业链 - 版权数据,数据层 -> 数据供给 -> 版权数据,topics/AI产业链 - 版权数据.md
1,AI-L4-0181,数据层,数据供给,企业私有数据,AI产业链 - 企业私有数据,AI产业链 - 企业私有数据,数据层 -> 数据供给 -> 企业私有数据,topics/AI产业链 - 企业私有数据.md
1,AI-L4-0182,数据层,数据供给,行业数据库,AI产业链 - 行业数据库,AI产业链 - 行业数据库,数据层 -> 数据供给 -> 行业数据库,topics/AI产业链 - 行业数据库.md
1,AI-L4-0183,数据层,数据供给,实时业务数据,AI产业链 - 实时业务数据,AI产业链 - 实时业务数据,数据层 -> 数据供给 -> 实时业务数据,topics/AI产业链 - 实时业务数据.md
1,AI-L4-0184,数据层,数据供给,传感器数据,AI产业链 - 传感器数据,AI产业链 - 传感器数据,数据层 -> 数据供给 -> 传感器数据,topics/AI产业链 - 传感器数据.md
1,AI-L4-0185,数据层,数据供给,合成数据,AI产业链 - 合成数据,AI产业链 - 合成数据,数据层 -> 数据供给 -> 合成数据,topics/AI产业链 - 合成数据.md
1,AI-L4-0186,数据层,数据处理,清洗,AI产业链 - 数据处理 - 清洗,AI产业链 - 数据处理 - 清洗,数据层 -> 数据处理 -> 清洗,topics/AI产业链 - 数据处理 - 清洗.md
1,AI-L4-0187,数据层,数据处理,标注,AI产业链 - 标注,AI产业链 - 标注,数据层 -> 数据处理 -> 标注,topics/AI产业链 - 标注.md
1,AI-L4-0188,数据层,数据处理,质量控制,AI产业链 - 质量控制,AI产业链 - 质量控制,数据层 -> 数据处理 -> 质量控制,topics/AI产业链 - 质量控制.md
1,AI-L4-0189,数据层,数据处理,向量化,AI产业链 - 向量化,AI产业链 - 向量化,数据层 -> 数据处理 -> 向量化,topics/AI产业链 - 向量化.md
1,AI-L4-0190,数据层,数据处理,数据湖,AI产业链 - 数据湖,AI产业链 - 数据湖,数据层 -> 数据处理 -> 数据湖,topics/AI产业链 - 数据湖.md
1,AI-L4-0191,数据层,数据处理,检索增强,AI产业链 - 检索增强,AI产业链 - 检索增强,数据层 -> 数据处理 -> 检索增强,topics/AI产业链 - 检索增强.md
1,AI-L4-0192,数据层,数据处理,知识图谱,AI产业链 - 知识图谱,AI产业链 - 知识图谱,数据层 -> 数据处理 -> 知识图谱,topics/AI产业链 - 知识图谱.md
1,AI-L4-0193,数据层,数据处理,数据中台,AI产业链 - 数据中台,AI产业链 - 数据中台,数据层 -> 数据处理 -> 数据中台,topics/AI产业链 - 数据中台.md
1,AI-L4-0194,数据层,数据合规,脱敏,AI产业链 - 脱敏,AI产业链 - 脱敏,数据层 -> 数据合规 -> 脱敏,topics/AI产业链 - 脱敏.md
1,AI-L4-0195,数据层,数据合规,权限控制,AI产业链 - 权限控制,AI产业链 - 权限控制,数据层 -> 数据合规 -> 权限控制,topics/AI产业链 - 权限控制.md
1,AI-L4-0196,数据层,数据合规,数据授权,AI产业链 - 数据授权,AI产业链 - 数据授权,数据层 -> 数据合规 -> 数据授权,topics/AI产业链 - 数据授权.md
1,AI-L4-0197,数据层,数据合规,数据审计,AI产业链 - 数据审计,AI产业链 - 数据审计,数据层 -> 数据合规 -> 数据审计,topics/AI产业链 - 数据审计.md
1,AI-L4-0198,数据层,数据合规,隐私计算,AI产业链 - 隐私计算,AI产业链 - 隐私计算,数据层 -> 数据合规 -> 隐私计算,topics/AI产业链 - 隐私计算.md
1,AI-L4-0199,数据层,数据合规,跨境合规,AI产业链 - 跨境合规,AI产业链 - 跨境合规,数据层 -> 数据合规 -> 跨境合规,topics/AI产业链 - 跨境合规.md
1,AI-L4-0200,工具链与基础软件层,开发工具,Prompt 工具,AI产业链 - Prompt 工具,AI产业链 - Prompt 工具,工具链与基础软件层 -> 开发工具 -> Prompt 工具,topics/AI产业链 - Prompt 工具.md
1,AI-L4-0201,工具链与基础软件层,开发工具,工作流编排,AI产业链 - 工作流编排,AI产业链 - 工作流编排,工具链与基础软件层 -> 开发工具 -> 工作流编排,topics/AI产业链 - 工作流编排.md
1,AI-L4-0202,工具链与基础软件层,开发工具,代码助手,AI产业链 - 代码助手,AI产业链 - 代码助手,工具链与基础软件层 -> 开发工具 -> 代码助手,topics/AI产业链 - 代码助手.md
1,AI-L4-0203,工具链与基础软件层,开发工具,IDE 插件,AI产业链 - IDE 插件,AI产业链 - IDE 插件,工具链与基础软件层 -> 开发工具 -> IDE 插件,topics/AI产业链 - IDE 插件.md
1,AI-L4-0204,工具链与基础软件层,开发工具,Notebook 环境,AI产业链 - Notebook 环境,AI产业链 - Notebook 环境,工具链与基础软件层 -> 开发工具 -> Notebook 环境,topics/AI产业链 - Notebook 环境.md
1,AI-L4-0205,工具链与基础软件层,LLMOps / MLOps,训练管理,AI产业链 - 训练管理,AI产业链 - 训练管理,工具链与基础软件层 -> LLMOps / MLOps -> 训练管理,topics/AI产业链 - 训练管理.md
1,AI-L4-0206,工具链与基础软件层,LLMOps / MLOps,实验管理,AI产业链 - 实验管理,AI产业链 - 实验管理,工具链与基础软件层 -> LLMOps / MLOps -> 实验管理,topics/AI产业链 - 实验管理.md
1,AI-L4-0207,工具链与基础软件层,LLMOps / MLOps,部署管理,AI产业链 - 部署管理,AI产业链 - 部署管理,工具链与基础软件层 -> LLMOps / MLOps -> 部署管理,topics/AI产业链 - 部署管理.md
1,AI-L4-0208,工具链与基础软件层,LLMOps / MLOps,灰度与回滚,AI产业链 - 灰度与回滚,AI产业链 - 灰度与回滚,工具链与基础软件层 -> LLMOps / MLOps -> 灰度与回滚,topics/AI产业链 - 灰度与回滚.md
1,AI-L4-0209,工具链与基础软件层,LLMOps / MLOps,监控告警,AI产业链 - 监控告警,AI产业链 - 监控告警,工具链与基础软件层 -> LLMOps / MLOps -> 监控告警,topics/AI产业链 - 监控告警.md
1,AI-L4-0210,工具链与基础软件层,LLMOps / MLOps,成本管理,AI产业链 - 成本管理,AI产业链 - 成本管理,工具链与基础软件层 -> LLMOps / MLOps -> 成本管理,topics/AI产业链 - 成本管理.md
1,AI-L4-0211,工具链与基础软件层,基础软件与中间件,向量数据库,AI产业链 - 向量数据库,AI产业链 - 向量数据库,工具链与基础软件层 -> 基础软件与中间件 -> 向量数据库,topics/AI产业链 - 向量数据库.md
1,AI-L4-0212,工具链与基础软件层,基础软件与中间件,搜索引擎,AI产业链 - 搜索引擎,AI产业链 - 搜索引擎,工具链与基础软件层 -> 基础软件与中间件 -> 搜索引擎,topics/AI产业链 - 搜索引擎.md
1,AI-L4-0213,工具链与基础软件层,基础软件与中间件,API 网关,AI产业链 - API 网关,AI产业链 - API 网关,工具链与基础软件层 -> 基础软件与中间件 -> API 网关,topics/AI产业链 - API 网关.md
1,AI-L4-0214,工具链与基础软件层,基础软件与中间件,身份认证,AI产业链 - 身份认证,AI产业链 - 身份认证,工具链与基础软件层 -> 基础软件与中间件 -> 身份认证,topics/AI产业链 - 身份认证.md
1,AI-L4-0215,工具链与基础软件层,基础软件与中间件,消息队列,AI产业链 - 消息队列,AI产业链 - 消息队列,工具链与基础软件层 -> 基础软件与中间件 -> 消息队列,topics/AI产业链 - 消息队列.md
1,AI-L4-0216,工具链与基础软件层,基础软件与中间件,任务调度,AI产业链 - 任务调度,AI产业链 - 任务调度,工具链与基础软件层 -> 基础软件与中间件 -> 任务调度,topics/AI产业链 - 任务调度.md
1,AI-L4-0217,工具链与基础软件层,基础软件与中间件,缓存,AI产业链 - 缓存,AI产业链 - 缓存,工具链与基础软件层 -> 基础软件与中间件 -> 缓存,topics/AI产业链 - 缓存.md
1,AI-L4-0218,工具链与基础软件层,基础软件与中间件,日志与可观测性,AI产业链 - 日志与可观测性,AI产业链 - 日志与可观测性,工具链与基础软件层 -> 基础软件与中间件 -> 日志与可观测性,topics/AI产业链 - 日志与可观测性.md
1,AI-L4-0219,安全、合规与治理层,模型安全,幻觉检测,AI产业链 - 幻觉检测,AI产业链 - 幻觉检测,安全、合规与治理层 -> 模型安全 -> 幻觉检测,topics/AI产业链 - 幻觉检测.md
1,AI-L4-0220,安全、合规与治理层,模型安全,提示注入防护,AI产业链 - 提示注入防护,AI产业链 - 提示注入防护,安全、合规与治理层 -> 模型安全 -> 提示注入防护,topics/AI产业链 - 提示注入防护.md
1,AI-L4-0221,安全、合规与治理层,模型安全,越狱防护,AI产业链 - 越狱防护,AI产业链 - 越狱防护,安全、合规与治理层 -> 模型安全 -> 越狱防护,topics/AI产业链 - 越狱防护.md
1,AI-L4-0222,安全、合规与治理层,模型安全,内容审核,AI产业链 - 内容审核,AI产业链 - 内容审核,安全、合规与治理层 -> 模型安全 -> 内容审核,topics/AI产业链 - 内容审核.md
1,AI-L4-0223,安全、合规与治理层,模型安全,可解释性,AI产业链 - 可解释性,AI产业链 - 可解释性,安全、合规与治理层 -> 模型安全 -> 可解释性,topics/AI产业链 - 可解释性.md
1,AI-L4-0224,安全、合规与治理层,数据安全,防泄漏,AI产业链 - 防泄漏,AI产业链 - 防泄漏,安全、合规与治理层 -> 数据安全 -> 防泄漏,topics/AI产业链 - 防泄漏.md
1,AI-L4-0225,安全、合规与治理层,数据安全,水印,AI产业链 - 水印,AI产业链 - 水印,安全、合规与治理层 -> 数据安全 -> 水印,topics/AI产业链 - 水印.md
1,AI-L4-0226,安全、合规与治理层,数据安全,审计,AI产业链 - 审计,AI产业链 - 审计,安全、合规与治理层 -> 数据安全 -> 审计,topics/AI产业链 - 审计.md
1,AI-L4-0227,安全、合规与治理层,数据安全,权限治理,AI产业链 - 权限治理,AI产业链 - 权限治理,安全、合规与治理层 -> 数据安全 -> 权限治理,topics/AI产业链 - 权限治理.md
1,AI-L4-0228,安全、合规与治理层,数据安全,数据生命周期管理,AI产业链 - 数据生命周期管理,AI产业链 - 数据生命周期管理,安全、合规与治理层 -> 数据安全 -> 数据生命周期管理,topics/AI产业链 - 数据生命周期管理.md
1,AI-L4-0229,安全、合规与治理层,行业治理,算法备案,AI产业链 - 算法备案,AI产业链 - 算法备案,安全、合规与治理层 -> 行业治理 -> 算法备案,topics/AI产业链 - 算法备案.md
1,AI-L4-0230,安全、合规与治理层,行业治理,内容合规,AI产业链 - 内容合规,AI产业链 - 内容合规,安全、合规与治理层 -> 行业治理 -> 内容合规,topics/AI产业链 - 内容合规.md
1,AI-L4-0231,安全、合规与治理层,行业治理,版权治理,AI产业链 - 版权治理,AI产业链 - 版权治理,安全、合规与治理层 -> 行业治理 -> 版权治理,topics/AI产业链 - 版权治理.md
1,AI-L4-0232,安全、合规与治理层,行业治理,行业标准,AI产业链 - 行业标准,AI产业链 - 行业标准,安全、合规与治理层 -> 行业治理 -> 行业标准,topics/AI产业链 - 行业标准.md
1,AI-L4-0233,安全、合规与治理层,行业治理,监管接口,AI产业链 - 监管接口,AI产业链 - 监管接口,安全、合规与治理层 -> 行业治理 -> 监管接口,topics/AI产业链 - 监管接口.md
1,AI-L4-0234,应用平台层,通用生产力,办公助手,AI产业链 - 办公助手,AI产业链 - 办公助手,应用平台层 -> 通用生产力 -> 办公助手,topics/AI产业链 - 办公助手.md
1,AI-L4-0235,应用平台层,通用生产力,文档助手,AI产业链 - 文档助手,AI产业链 - 文档助手,应用平台层 -> 通用生产力 -> 文档助手,topics/AI产业链 - 文档助手.md
1,AI-L4-0236,应用平台层,通用生产力,会议助手,AI产业链 - 会议助手,AI产业链 - 会议助手,应用平台层 -> 通用生产力 -> 会议助手,topics/AI产业链 - 会议助手.md
1,AI-L4-0237,应用平台层,通用生产力,知识助手,AI产业链 - 知识助手,AI产业链 - 知识助手,应用平台层 -> 通用生产力 -> 知识助手,topics/AI产业链 - 知识助手.md
1,AI-L4-0238,应用平台层,通用生产力,编程助手,AI产业链 - 编程助手,AI产业链 - 编程助手,应用平台层 -> 通用生产力 -> 编程助手,topics/AI产业链 - 编程助手.md
1,AI-L4-0239,应用平台层,通用生产力,搜索助手,AI产业链 - 搜索助手,AI产业链 - 搜索助手,应用平台层 -> 通用生产力 -> 搜索助手,topics/AI产业链 - 搜索助手.md
1,AI-L4-0240,应用平台层,企业软件,ERP,AI产业链 - ERP,AI产业链 - ERP,应用平台层 -> 企业软件 -> ERP,topics/AI产业链 - ERP.md
1,AI-L4-0241,应用平台层,企业软件,CRM,AI产业链 - CRM,AI产业链 - CRM,应用平台层 -> 企业软件 -> CRM,topics/AI产业链 - CRM.md
1,AI-L4-0242,应用平台层,企业软件,OA,AI产业链 - OA,AI产业链 - OA,应用平台层 -> 企业软件 -> OA,topics/AI产业链 - OA.md
1,AI-L4-0243,应用平台层,企业软件,BI,AI产业链 - BI,AI产业链 - BI,应用平台层 -> 企业软件 -> BI,topics/AI产业链 - BI.md
1,AI-L4-0244,应用平台层,企业软件,财务软件,AI产业链 - 财务软件,AI产业链 - 财务软件,应用平台层 -> 企业软件 -> 财务软件,topics/AI产业链 - 财务软件.md
1,AI-L4-0245,应用平台层,企业软件,HR 软件,AI产业链 - HR 软件,AI产业链 - HR 软件,应用平台层 -> 企业软件 -> HR 软件,topics/AI产业链 - HR 软件.md
1,AI-L4-0246,应用平台层,企业软件,客服系统,AI产业链 - 客服系统,AI产业链 - 客服系统,应用平台层 -> 企业软件 -> 客服系统,topics/AI产业链 - 客服系统.md
1,AI-L4-0247,应用平台层,企业软件,销售系统,AI产业链 - 销售系统,AI产业链 - 销售系统,应用平台层 -> 企业软件 -> 销售系统,topics/AI产业链 - 销售系统.md
1,AI-L4-0248,应用平台层,消费互联网,AI 搜索,AI产业链 - AI 搜索,AI产业链 - AI 搜索,应用平台层 -> 消费互联网 -> AI 搜索,topics/AI产业链 - AI 搜索.md
1,AI-L4-0249,应用平台层,消费互联网,AI 浏览器,AI产业链 - AI 浏览器,AI产业链 - AI 浏览器,应用平台层 -> 消费互联网 -> AI 浏览器,topics/AI产业链 - AI 浏览器.md
1,AI-L4-0250,应用平台层,消费互联网,AI 社交,AI产业链 - AI 社交,AI产业链 - AI 社交,应用平台层 -> 消费互联网 -> AI 社交,topics/AI产业链 - AI 社交.md
1,AI-L4-0251,应用平台层,消费互联网,AI 内容生成,AI产业链 - AI 内容生成,AI产业链 - AI 内容生成,应用平台层 -> 消费互联网 -> AI 内容生成,topics/AI产业链 - AI 内容生成.md
1,AI-L4-0252,应用平台层,消费互联网,AI 语音助手,AI产业链 - AI 语音助手,AI产业链 - AI 语音助手,应用平台层 -> 消费互联网 -> AI 语音助手,topics/AI产业链 - AI 语音助手.md
1,AI-L4-0253,应用平台层,消费互联网,AI 娱乐应用,AI产业链 - AI 娱乐应用,AI产业链 - AI 娱乐应用,应用平台层 -> 消费互联网 -> AI 娱乐应用,topics/AI产业链 - AI 娱乐应用.md
1,AI-L4-0254,应用平台层,行业平台,金融,AI产业链 - 金融,AI产业链 - 金融,应用平台层 -> 行业平台 -> 金融,topics/AI产业链 - 金融.md
1,AI-L4-0255,应用平台层,行业平台,医疗,AI产业链 - 医疗,AI产业链 - 医疗,应用平台层 -> 行业平台 -> 医疗,topics/AI产业链 - 医疗.md
1,AI-L4-0256,应用平台层,行业平台,教育,AI产业链 - 教育,AI产业链 - 教育,应用平台层 -> 行业平台 -> 教育,topics/AI产业链 - 教育.md
1,AI-L4-0257,应用平台层,行业平台,工业制造,AI产业链 - 工业制造,AI产业链 - 工业制造,应用平台层 -> 行业平台 -> 工业制造,topics/AI产业链 - 工业制造.md
1,AI-L4-0258,应用平台层,行业平台,能源,AI产业链 - 能源,AI产业链 - 能源,应用平台层 -> 行业平台 -> 能源,topics/AI产业链 - 能源.md
1,AI-L4-0259,应用平台层,行业平台,交通,AI产业链 - 交通,AI产业链 - 交通,应用平台层 -> 行业平台 -> 交通,topics/AI产业链 - 交通.md
1,AI-L4-0260,应用平台层,行业平台,政务,AI产业链 - 政务,AI产业链 - 政务,应用平台层 -> 行业平台 -> 政务,topics/AI产业链 - 政务.md
1,AI-L4-0261,应用平台层,行业平台,传媒,AI产业链 - 传媒,AI产业链 - 传媒,应用平台层 -> 行业平台 -> 传媒,topics/AI产业链 - 传媒.md
1,AI-L4-0262,应用平台层,行业平台,零售,AI产业链 - 零售,AI产业链 - 零售,应用平台层 -> 行业平台 -> 零售,topics/AI产业链 - 零售.md
1,AI-L4-0263,全球映射与海外变量传导层,海外硬件主链,海外云厂训练 CapEx,AI产业链 - 海外云厂训练 CapEx,AI产业链 - 海外云厂训练 CapEx,全球映射与海外变量传导层 -> 海外硬件主链 -> 海外云厂训练 CapEx,topics/AI产业链 - 海外云厂训练 CapEx.md
1,AI-L4-0264,全球映射与海外变量传导层,海外硬件主链,海外云厂推理 CapEx,AI产业链 - 海外云厂推理 CapEx,AI产业链 - 海外云厂推理 CapEx,全球映射与海外变量传导层 -> 海外硬件主链 -> 海外云厂推理 CapEx,topics/AI产业链 - 海外云厂推理 CapEx.md
1,AI-L4-0265,全球映射与海外变量传导层,海外硬件主链,GPU 主链,AI产业链 - GPU 主链,AI产业链 - GPU 主链,全球映射与海外变量传导层 -> 海外硬件主链 -> GPU 主链,topics/AI产业链 - GPU 主链.md
1,AI-L4-0266,全球映射与海外变量传导层,海外硬件主链,HBM 主链,AI产业链 - HBM 主链,AI产业链 - HBM 主链,全球映射与海外变量传导层 -> 海外硬件主链 -> HBM 主链,topics/AI产业链 - HBM 主链.md
1,AI-L4-0267,全球映射与海外变量传导层,海外硬件主链,先进封装主链,AI产业链 - 先进封装主链,AI产业链 - 先进封装主链,全球映射与海外变量传导层 -> 海外硬件主链 -> 先进封装主链,topics/AI产业链 - 先进封装主链.md
1,AI-L4-0268,全球映射与海外变量传导层,海外硬件主链,高速互联主链,AI产业链 - 高速互联主链,AI产业链 - 高速互联主链,全球映射与海外变量传导层 -> 海外硬件主链 -> 高速互联主链,topics/AI产业链 - 高速互联主链.md
1,AI-L4-0269,全球映射与海外变量传导层,海外硬件主链,光刻设备与材料主链,AI产业链 - 光刻设备与材料主链,AI产业链 - 光刻设备与材料主链,全球映射与海外变量传导层 -> 海外硬件主链 -> 光刻设备与材料主链,topics/AI产业链 - 光刻设备与材料主链.md
1,AI-L4-0270,全球映射与海外变量传导层,海外硬件主链,封装基板与玻璃路线主链,AI产业链 - 封装基板与玻璃路线主链,AI产业链 - 封装基板与玻璃路线主链,全球映射与海外变量传导层 -> 海外硬件主链 -> 封装基板与玻璃路线主链,topics/AI产业链 - 封装基板与玻璃路线主链.md
1,AI-L4-0271,全球映射与海外变量传导层,海外硬件主链,日本 EUV 光刻胶 / 显影液主链,AI产业链 - 日本 EUV 光刻胶 ／ 显影液主链,AI产业链 - 日本 EUV 光刻胶 ／ 显影液主链,全球映射与海外变量传导层 -> 海外硬件主链 -> 日本 EUV 光刻胶 / 显影液主链,topics/AI产业链 - 日本 EUV 光刻胶 ／ 显影液主链.md
1,AI-L4-0272,全球映射与海外变量传导层,海外硬件主链,日本 photomask blank / 硅片材料主链,AI产业链 - 日本 photomask blank ／ 硅片材料主链,AI产业链 - 日本 photomask blank ／ 硅片材料主链,全球映射与海外变量传导层 -> 海外硬件主链 -> 日本 photomask blank / 硅片材料主链,topics/AI产业链 - 日本 photomask blank ／ 硅片材料主链.md
1,AI-L4-0273,全球映射与海外变量传导层,海外硬件主链,韩国 HBM / DRAM 主链,AI产业链 - 韩国 HBM ／ DRAM 主链,AI产业链 - 韩国 HBM ／ DRAM 主链,全球映射与海外变量传导层 -> 海外硬件主链 -> 韩国 HBM / DRAM 主链,topics/AI产业链 - 韩国 HBM ／ DRAM 主链.md
1,AI-L4-0274,全球映射与海外变量传导层,海外硬件主链,韩国 TC bonding 主链,AI产业链 - 韩国 TC bonding 主链,AI产业链 - 韩国 TC bonding 主链,全球映射与海外变量传导层 -> 海外硬件主链 -> 韩国 TC bonding 主链,topics/AI产业链 - 韩国 TC bonding 主链.md
1,AI-L4-0275,全球映射与海外变量传导层,海外硬件主链,韩国 memory test socket / burn-in socket / AI system IC socket 主链,AI产业链 - 韩国 memory test socket ／ burn-in socket ／ AI system IC socket 主链,AI产业链 - 韩国 memory test socket ／ burn-in socket ／ AI system IC socket 主链,全球映射与海外变量传导层 -> 海外硬件主链 -> 韩国 memory test socket / burn-in socket / AI system IC socket 主链,topics/AI产业链 - 韩国 memory test socket ／ burn-in socket ／ AI system IC socket 主链.md
1,AI-L4-0276,全球映射与海外变量传导层,海外硬件主链,韩国 package final test 主链,AI产业链 - 韩国 package final test 主链,AI产业链 - 韩国 package final test 主链,全球映射与海外变量传导层 -> 海外硬件主链 -> 韩国 package final test 主链,topics/AI产业链 - 韩国 package final test 主链.md
1,AI-L4-0277,全球映射与海外变量传导层,海外硬件主链,韩国 bridge interposer / fan-out 主链,AI产业链 - 韩国 bridge interposer ／ fan-out 主链,AI产业链 - 韩国 bridge interposer ／ fan-out 主链,全球映射与海外变量传导层 -> 海外硬件主链 -> 韩国 bridge interposer / fan-out 主链,topics/AI产业链 - 韩国 bridge interposer ／ fan-out 主链.md
1,AI-L4-0278,全球映射与海外变量传导层,海外硬件主链,韩国 FCBGA / ABF / glass substrate 主链,AI产业链 - 韩国 FCBGA ／ ABF ／ glass substrate 主链,AI产业链 - 韩国 FCBGA ／ ABF ／ glass substrate 主链,全球映射与海外变量传导层 -> 海外硬件主链 -> 韩国 FCBGA / ABF / glass substrate 主链,topics/AI产业链 - 韩国 FCBGA ／ ABF ／ glass substrate 主链.md
1,AI-L4-0279,全球映射与海外变量传导层,海外硬件主链,InP substrate / EML / CW laser 主链,AI产业链 - InP substrate ／ EML ／ CW laser 主链,AI产业链 - InP substrate ／ EML ／ CW laser 主链,全球映射与海外变量传导层 -> 海外硬件主链 -> InP substrate / EML / CW laser 主链,topics/AI产业链 - InP substrate ／ EML ／ CW laser 主链.md
1,AI-L4-0280,全球映射与海外变量传导层,海外软件与平台主链,基座模型平台,AI产业链 - 基座模型平台,AI产业链 - 基座模型平台,全球映射与海外变量传导层 -> 海外软件与平台主链 -> 基座模型平台,topics/AI产业链 - 基座模型平台.md
1,AI-L4-0281,全球映射与海外变量传导层,海外软件与平台主链,MaaS / API 平台,AI产业链 - MaaS ／ API 平台,AI产业链 - MaaS ／ API 平台,全球映射与海外变量传导层 -> 海外软件与平台主链 -> MaaS / API 平台,topics/AI产业链 - MaaS ／ API 平台.md
1,AI-L4-0282,全球映射与海外变量传导层,海外软件与平台主链,企业软件 Copilot 化,AI产业链 - 企业软件 Copilot 化,AI产业链 - 企业软件 Copilot 化,全球映射与海外变量传导层 -> 海外软件与平台主链 -> 企业软件 Copilot 化,topics/AI产业链 - 企业软件 Copilot 化.md
1,AI-L4-0283,全球映射与海外变量传导层,海外软件与平台主链,AI 原生生产力工具,AI产业链 - AI 原生生产力工具,AI产业链 - AI 原生生产力工具,全球映射与海外变量传导层 -> 海外软件与平台主链 -> AI 原生生产力工具,topics/AI产业链 - AI 原生生产力工具.md
1,AI-L4-0284,全球映射与海外变量传导层,海外软件与平台主链,搜索 / 浏览器 / 入口平台,AI产业链 - 搜索 ／ 浏览器 ／ 入口平台,AI产业链 - 搜索 ／ 浏览器 ／ 入口平台,全球映射与海外变量传导层 -> 海外软件与平台主链 -> 搜索 / 浏览器 / 入口平台,topics/AI产业链 - 搜索 ／ 浏览器 ／ 入口平台.md
1,AI-L4-0285,全球映射与海外变量传导层,海外终端与具身主链,AI 手机,AI产业链 - AI 手机,AI产业链 - AI 手机,全球映射与海外变量传导层 -> 海外终端与具身主链 -> AI 手机,topics/AI产业链 - AI 手机.md
1,AI-L4-0286,全球映射与海外变量传导层,海外终端与具身主链,AI 眼镜,AI产业链 - AI 眼镜,AI产业链 - AI 眼镜,全球映射与海外变量传导层 -> 海外终端与具身主链 -> AI 眼镜,topics/AI产业链 - AI 眼镜.md
1,AI-L4-0287,全球映射与海外变量传导层,海外终端与具身主链,端侧 Agent,AI产业链 - 端侧 Agent,AI产业链 - 端侧 Agent,全球映射与海外变量传导层 -> 海外终端与具身主链 -> 端侧 Agent,topics/AI产业链 - 端侧 Agent.md
1,AI-L4-0288,全球映射与海外变量传导层,海外终端与具身主链,人形机器人,人形机器人,人形机器人,全球映射与海外变量传导层 -> 海外终端与具身主链 -> 人形机器人,topics/人形机器人.md
1,AI-L4-0289,全球映射与海外变量传导层,海外终端与具身主链,机器狗,AI产业链 - 机器狗,AI产业链 - 机器狗,全球映射与海外变量传导层 -> 海外终端与具身主链 -> 机器狗,topics/AI产业链 - 机器狗.md
1,AI-L4-0290,全球映射与海外变量传导层,海外终端与具身主链,AI 玩具 / 陪伴硬件,AI产业链 - AI 玩具 ／ 陪伴硬件,AI产业链 - AI 玩具 ／ 陪伴硬件,全球映射与海外变量传导层 -> 海外终端与具身主链 -> AI 玩具 / 陪伴硬件,topics/AI产业链 - AI 玩具 ／ 陪伴硬件.md
1,AI-L4-0291,全球映射与海外变量传导层,A 股映射角色,跟随型盈利映射,AI产业链 - 跟随型盈利映射,AI产业链 - 跟随型盈利映射,全球映射与海外变量传导层 -> A 股映射角色 -> 跟随型盈利映射,topics/AI产业链 - 跟随型盈利映射.md
1,AI-L4-0292,全球映射与海外变量传导层,A 股映射角色,本土化补位映射,AI产业链 - 本土化补位映射,AI产业链 - 本土化补位映射,全球映射与海外变量传导层 -> A 股映射角色 -> 本土化补位映射,topics/AI产业链 - 本土化补位映射.md
1,AI-L4-0293,全球映射与海外变量传导层,A 股映射角色,配套交付映射,AI产业链 - 配套交付映射,AI产业链 - 配套交付映射,全球映射与海外变量传导层 -> A 股映射角色 -> 配套交付映射,topics/AI产业链 - 配套交付映射.md
1,AI-L4-0294,全球映射与海外变量传导层,A 股映射角色,主题观察映射,AI产业链 - 主题观察映射,AI产业链 - 主题观察映射,全球映射与海外变量传导层 -> A 股映射角色 -> 主题观察映射,topics/AI产业链 - 主题观察映射.md
1,AI-L4-0295,全球映射与海外变量传导层,A 股映射角色,路线期权映射,AI产业链 - 路线期权映射,AI产业链 - 路线期权映射,全球映射与海外变量传导层 -> A 股映射角色 -> 路线期权映射,topics/AI产业链 - 路线期权映射.md
1,AI-L4-0296,终端、机器人与具身智能层,终端硬件,AI PC,AI产业链 - AI PC,AI产业链 - AI PC,终端、机器人与具身智能层 -> 终端硬件 -> AI PC,topics/AI产业链 - AI PC.md
1,AI-L4-0297,终端、机器人与具身智能层,终端硬件,AI 手机,AI产业链 - 终端硬件 - AI 手机,AI产业链 - 终端硬件 - AI 手机,终端、机器人与具身智能层 -> 终端硬件 -> AI 手机,topics/AI产业链 - 终端硬件 - AI 手机.md
1,AI-L4-0298,终端、机器人与具身智能层,终端硬件,AI 平板,AI产业链 - AI 平板,AI产业链 - AI 平板,终端、机器人与具身智能层 -> 终端硬件 -> AI 平板,topics/AI产业链 - AI 平板.md
1,AI-L4-0299,终端、机器人与具身智能层,终端硬件,AI 穿戴,AI产业链 - AI 穿戴,AI产业链 - AI 穿戴,终端、机器人与具身智能层 -> 终端硬件 -> AI 穿戴,topics/AI产业链 - AI 穿戴.md
1,AI-L4-0300,终端、机器人与具身智能层,终端硬件,AI 眼镜,AI产业链 - 终端硬件 - AI 眼镜,AI产业链 - 终端硬件 - AI 眼镜,终端、机器人与具身智能层 -> 终端硬件 -> AI 眼镜,topics/AI产业链 - 终端硬件 - AI 眼镜.md
1,AI-L4-0301,终端、机器人与具身智能层,终端硬件,AI 耳机,AI产业链 - AI 耳机,AI产业链 - AI 耳机,终端、机器人与具身智能层 -> 终端硬件 -> AI 耳机,topics/AI产业链 - AI 耳机.md
1,AI-L4-0302,终端、机器人与具身智能层,终端硬件,AI 音箱,AI产业链 - AI 音箱,AI产业链 - AI 音箱,终端、机器人与具身智能层 -> 终端硬件 -> AI 音箱,topics/AI产业链 - AI 音箱.md
1,AI-L4-0303,终端、机器人与具身智能层,机器人链,工业机器人,AI产业链 - 工业机器人,AI产业链 - 工业机器人,终端、机器人与具身智能层 -> 机器人链 -> 工业机器人,topics/AI产业链 - 工业机器人.md
1,AI-L4-0304,终端、机器人与具身智能层,机器人链,协作机器人,AI产业链 - 协作机器人,AI产业链 - 协作机器人,终端、机器人与具身智能层 -> 机器人链 -> 协作机器人,topics/AI产业链 - 协作机器人.md
1,AI-L4-0305,终端、机器人与具身智能层,机器人链,服务机器人,AI产业链 - 服务机器人,AI产业链 - 服务机器人,终端、机器人与具身智能层 -> 机器人链 -> 服务机器人,topics/AI产业链 - 服务机器人.md
1,AI-L4-0306,终端、机器人与具身智能层,机器人链,人形机器人,人形机器人,人形机器人,终端、机器人与具身智能层 -> 机器人链 -> 人形机器人,topics/人形机器人.md
1,AI-L4-0307,终端、机器人与具身智能层,机器人链,机器狗,AI产业链 - 机器人链 - 机器狗,AI产业链 - 机器人链 - 机器狗,终端、机器人与具身智能层 -> 机器人链 -> 机器狗,topics/AI产业链 - 机器人链 - 机器狗.md
1,AI-L4-0308,终端、机器人与具身智能层,机器人链,运动控制,AI产业链 - 运动控制,AI产业链 - 运动控制,终端、机器人与具身智能层 -> 机器人链 -> 运动控制,topics/AI产业链 - 运动控制.md
1,AI-L4-0309,终端、机器人与具身智能层,机器人链,灵巧手,机器人 - 灵巧手,机器人 - 灵巧手,终端、机器人与具身智能层 -> 机器人链 -> 灵巧手,topics/机器人 - 灵巧手.md
1,AI-L4-0310,终端、机器人与具身智能层,机器人链,减速器,机器人 - 减速器,机器人 - 减速器,终端、机器人与具身智能层 -> 机器人链 -> 减速器,topics/机器人 - 减速器.md
1,AI-L4-0311,终端、机器人与具身智能层,机器人链,伺服,AI产业链 - 伺服,AI产业链 - 伺服,终端、机器人与具身智能层 -> 机器人链 -> 伺服,topics/AI产业链 - 伺服.md
1,AI-L4-0312,终端、机器人与具身智能层,机器人链,机器视觉,AI产业链 - 机器视觉,AI产业链 - 机器视觉,终端、机器人与具身智能层 -> 机器人链 -> 机器视觉,topics/AI产业链 - 机器视觉.md
1,AI-L4-0313,终端、机器人与具身智能层,AI玩具与陪伴硬件链,儿童陪伴玩具,AI产业链 - 儿童陪伴玩具,AI产业链 - 儿童陪伴玩具,终端、机器人与具身智能层 -> AI玩具与陪伴硬件链 -> 儿童陪伴玩具,topics/AI产业链 - 儿童陪伴玩具.md
1,AI-L4-0314,终端、机器人与具身智能层,AI玩具与陪伴硬件链,情感陪伴硬件,AI产业链 - 情感陪伴硬件,AI产业链 - 情感陪伴硬件,终端、机器人与具身智能层 -> AI玩具与陪伴硬件链 -> 情感陪伴硬件,topics/AI产业链 - 情感陪伴硬件.md
1,AI-L4-0315,终端、机器人与具身智能层,AI玩具与陪伴硬件链,教育玩具,AI产业链 - 教育玩具,AI产业链 - 教育玩具,终端、机器人与具身智能层 -> AI玩具与陪伴硬件链 -> 教育玩具,topics/AI产业链 - 教育玩具.md
1,AI-L4-0316,终端、机器人与具身智能层,AI玩具与陪伴硬件链,语音交互终端,AI产业链 - 语音交互终端,AI产业链 - 语音交互终端,终端、机器人与具身智能层 -> AI玩具与陪伴硬件链 -> 语音交互终端,topics/AI产业链 - 语音交互终端.md
1,AI-L4-0317,终端、机器人与具身智能层,AI玩具与陪伴硬件链,毛绒 / IP 结合型硬件,AI产业链 - 毛绒 ／ IP 结合型硬件,AI产业链 - 毛绒 ／ IP 结合型硬件,终端、机器人与具身智能层 -> AI玩具与陪伴硬件链 -> 毛绒 / IP 结合型硬件,topics/AI产业链 - 毛绒 ／ IP 结合型硬件.md
1,AI-L4-0318,终端、机器人与具身智能层,AI玩具与陪伴硬件链,内容订阅与会员,AI产业链 - 内容订阅与会员,AI产业链 - 内容订阅与会员,终端、机器人与具身智能层 -> AI玩具与陪伴硬件链 -> 内容订阅与会员,topics/AI产业链 - 内容订阅与会员.md
1,AI-L4-0319,终端、机器人与具身智能层,AI玩具与陪伴硬件链,渠道分发与复购,AI产业链 - 渠道分发与复购,AI产业链 - 渠道分发与复购,终端、机器人与具身智能层 -> AI玩具与陪伴硬件链 -> 渠道分发与复购,topics/AI产业链 - 渠道分发与复购.md
1,AI-L4-0320,终端、机器人与具身智能层,AI玩具与陪伴硬件链,售后与退货管理,AI产业链 - 售后与退货管理,AI产业链 - 售后与退货管理,终端、机器人与具身智能层 -> AI玩具与陪伴硬件链 -> 售后与退货管理,topics/AI产业链 - 售后与退货管理.md
1,AI-L4-0321,终端、机器人与具身智能层,车端 AI,智能座舱,AI产业链 - 智能座舱,AI产业链 - 智能座舱,终端、机器人与具身智能层 -> 车端 AI -> 智能座舱,topics/AI产业链 - 智能座舱.md
1,AI-L4-0322,终端、机器人与具身智能层,车端 AI,自动驾驶,智能驾驶Robotaxi,智能驾驶Robotaxi,终端、机器人与具身智能层 -> 车端 AI -> 自动驾驶,topics/智能驾驶Robotaxi.md
1,AI-L4-0323,终端、机器人与具身智能层,车端 AI,车端模型,AI产业链 - 车端模型,AI产业链 - 车端模型,终端、机器人与具身智能层 -> 车端 AI -> 车端模型,topics/AI产业链 - 车端模型.md
1,AI-L4-0324,终端、机器人与具身智能层,车端 AI,车载传感器,AI产业链 - 车载传感器,AI产业链 - 车载传感器,终端、机器人与具身智能层 -> 车端 AI -> 车载传感器,topics/AI产业链 - 车载传感器.md
1,AI-L4-0325,终端、机器人与具身智能层,车端 AI,车路协同,AI产业链 - 车路协同,AI产业链 - 车路协同,终端、机器人与具身智能层 -> 车端 AI -> 车路协同,topics/AI产业链 - 车路协同.md
1,AI-L4-0326,影子资产与前沿观察层,影子资产,低位补涨映射,AI产业链 - 低位补涨映射,AI产业链 - 低位补涨映射,影子资产与前沿观察层 -> 影子资产 -> 低位补涨映射,topics/AI产业链 - 低位补涨映射.md
1,AI-L4-0327,影子资产与前沿观察层,影子资产,跨界卡位,AI产业链 - 跨界卡位,AI产业链 - 跨界卡位,影子资产与前沿观察层 -> 影子资产 -> 跨界卡位,topics/AI产业链 - 跨界卡位.md
1,AI-L4-0328,影子资产与前沿观察层,影子资产,题材外溢,AI产业链 - 题材外溢,AI产业链 - 题材外溢,影子资产与前沿观察层 -> 影子资产 -> 题材外溢,topics/AI产业链 - 题材外溢.md
1,AI-L4-0329,影子资产与前沿观察层,影子资产,二级分销与概念包装,AI产业链 - 二级分销与概念包装,AI产业链 - 二级分销与概念包装,影子资产与前沿观察层 -> 影子资产 -> 二级分销与概念包装,topics/AI产业链 - 二级分销与概念包装.md
1,AI-L4-0330,影子资产与前沿观察层,前沿观察,玻璃基板,AI产业链 - 玻璃基板,AI产业链 - 玻璃基板,影子资产与前沿观察层 -> 前沿观察 -> 玻璃基板,topics/AI产业链 - 玻璃基板.md
1,AI-L4-0331,影子资产与前沿观察层,前沿观察,TGV,AI产业链 - TGV,AI产业链 - TGV,影子资产与前沿观察层 -> 前沿观察 -> TGV,topics/AI产业链 - TGV.md
1,AI-L4-0332,影子资产与前沿观察层,前沿观察,光电共封装,AI产业链 - 光电共封装,AI产业链 - 光电共封装,影子资产与前沿观察层 -> 前沿观察 -> 光电共封装,topics/AI产业链 - 光电共封装.md
1,AI-L4-0333,影子资产与前沿观察层,前沿观察,光电融合交换,AI产业链 - 光电融合交换,AI产业链 - 光电融合交换,影子资产与前沿观察层 -> 前沿观察 -> 光电融合交换,topics/AI产业链 - 光电融合交换.md
1,AI-L4-0334,影子资产与前沿观察层,前沿观察,存算一体,AI产业链 - 存算一体,AI产业链 - 存算一体,影子资产与前沿观察层 -> 前沿观察 -> 存算一体,topics/AI产业链 - 存算一体.md
1,AI-L4-0335,影子资产与前沿观察层,前沿观察,新型封装路线,AI产业链 - 新型封装路线,AI产业链 - 新型封装路线,影子资产与前沿观察层 -> 前沿观察 -> 新型封装路线,topics/AI产业链 - 新型封装路线.md
1,AI-L4-0336,影子资产与前沿观察层,前沿观察,边缘 Agent,AI产业链 - 边缘 Agent,AI产业链 - 边缘 Agent,影子资产与前沿观察层 -> 前沿观察 -> 边缘 Agent,topics/AI产业链 - 边缘 Agent.md
1,AI-L4-0337,影子资产与前沿观察层,前沿观察,端侧大模型,AI产业链 - 端侧大模型,AI产业链 - 端侧大模型,影子资产与前沿观察层 -> 前沿观察 -> 端侧大模型,topics/AI产业链 - 端侧大模型.md
